sshist,8ad9c176-b8d4-4ef8-b924-b5e1b10a1399
cryingazureeyes,cf188e7b-4c7a-35bf-842d-f2cedf3a0dd2
themoon4ek,681fa7b3-a5ba-3799-a28e-a238624ea846
_6________,fb091330-3a54-36d6-91d4-bcf59f94d36e
elleg,1995e01b-5f1c-3998-8c3a-774572b1b487
test55,33e799f4-0a2a-37cf-927b-53aef6cb1fa5
stavchainik,e35218b8-bd7f-3ebb-8243-e56467e014e5
hinaxxq,32430241-a8b4-3ecd-a368-a9297125ed7d
liap12,8baa130d-1dbb-3400-bbbc-b6a9ce66c9d5
exzaq,fa32858b-1ec9-3ce5-8892-70814f980ff0
shist,fd422fac-f2d8-3f61-966c-0ea1112be00c
_6____________,35a8defe-e9bc-3085-97a6-73c910c1d661
dimasik12,4208e10c-496f-330d-802c-a1fbd136f070
senjuxxq,0bf092ef-07d5-36a9-be4e-3e89e598a33d
xerq,70308a10-fe83-351f-bad5-442d53053fd4
ezzz1x,4c8e4282-e2fc-390d-816d-2f1c274d9138
kirgiz,95bebc6b-2b3b-3396-b5c6-eda2f17098f2
konuxfedorov1,49e634c0-efe9-32ce-b2bd-7e48f4165163
whyshen,951886ee-db50-3333-9905-9f71131d022d
_6______________,aa3c72e1-8f9d-3230-9524-94a0e87ed968
slippa9,7dda97fb-f413-35a2-ac68-463fc48e238c
xodulya,b5fefa38-38ca-31fd-ac94-10ce9d9b4e44
momorico,5d4837ed-a766-3225-b5bc-ce66606630a4
mrfoxylen,b26d6b08-3c41-3550-a575-a0e91089bc5f
xomma,3aa54343-0311-3274-9fdd-70d0d75bbb50
bkmz_dfkz,71fc50d0-9f99-3cf8-ae29-aaa1d43c7cef
fd422fac_f2d8_3f61_966c_0ea1112be00c,34e2fa8d-407f-340d-80a3-d2d4f8c9cf50
rump56,52e40a2e-319b-31e4-9390-150ced4f1e52
m0tya,8f0b395a-1ea6-35c6-9383-3a628ddb8241
nqn1s,a03878b6-42c2-37bc-b7d9-8ad1f9b5326b
leyes,c8cc3961-4a4a-3a9c-9aa6-ed99ee6983bc
pathofcookie,bb49baf6-f6bf-31fa-a1c7-2ef3562bc2f0
arzamas_aye_228,d546b24f-efc8-3681-9e49-ef92ad077ad2
juggernaut1337,789bf021-7dec-34f6-8830-576d74a86553
medved,0bf2784a-2d40-3d34-b450-4315df9cd965
toskaa,16945a7d-097a-377f-a961-db978505c1b9
ezzzz1x,32d2f30d-c628-3fd1-944e-f1f50058ad17
